Id,BIRTHDATE,DEATHDATE,SSN,DRIVERS,PASSPORT,PREFIX,FIRST,MIDDLE,LAST,SUFFIX,MAIDEN,MARITAL,RACE,ETHNICITY,GENDER,BIRTHPLACE,ADDRESS,CITY,STATE,COUNTY,FIPS,ZIP,LAT,LON,HEALTHCARE_EXPENSES,HEALTHCARE_COVERAGE,INCOME,DISPLAY_ID
00bcbfc6-c7b9-bd0e-3d95-071f9fba6321,1981-01-20,,,,,Mrs.,Aarav,,Shah,,,M,white,nonhispanic,F,Cambridge  Massachusetts  US,275 Parisian Ramp,Shirley,Massachusetts,Middlesex County,25017,01464,42.573316449173774,-71.63467207646659,402593.60,621085.03,61674,P001
029c95e2-d252-d8d3-3626-7f347182d6d7,1972-11-01,,,,,Mrs.,Vivaan,,Patel,,,M,white,nonhispanic,F,Springfield  Massachusetts  US,158 Lesch Port Suite 88,Westford,Massachusetts,Middlesex County,,00000,42.54849073467201,-71.43706861726557,654939.59,444172.77,66692,P002
031ce8e2-1443-01b4-de6b-61a4084a7166,1981-01-08,2018-09-23,,,,Mr.,Aditya,,Mehta,,,M,white,nonhispanic,M,Brockton  Massachusetts  US,1055 Ondricka Mews,Canton,Massachusetts,Norfolk County,,00000,42.17805313525782,-71.12722976935989,12869.13,106242.80,20828,P003
06476266-59b1-ded7-4138-3c7543fd4981,1979-11-06,,,,,Mr.,Vihaan,,Sharma,,,M,white,nonhispanic,M,Bridgewater  Massachusetts  US,1007 Becker Haven Unit 74,Leominster,Massachusetts,Worcester County,25027,01420,42.55432794702615,-71.77509056604232,404615.87,307544.60,50544,P004
09c573e2-a45d-aa5e-6a17-3c682155e6e3,2008-02-12,,,,,Mr.,Arjun,,Verma,,,,white,nonhispanic,M,Randolph  Massachusetts  US,867 Becker Alley,Medford,Massachusetts,Middlesex County,25017,02145,42.403159363884015,-71.07593516287898,56044.72,837.08,916979,P005
0b786670-17af-32e1-b2d2-f77c33874b30,1964-06-23,2023-08-22,,,,Mr.,Sai,,Gupta,,,M,black,nonhispanic,M,Springfield  Massachusetts  US,127 Spencer Estate Unit 97,Boston,Massachusetts,Suffolk County,25025,02131,42.321170096555036,-71.09325448207512,245397.84,124955.08,47024,P006
0f3d04a2-f42e-1429-acef-0becd0a0fcea,1930-11-06,,,,,Mr.,Reyansh,,Kapoor,,,W,white,nonhispanic,M,Grafton  Massachusetts  US,719 Renner Ferry Unit 37,Belmont,Massachusetts,Middlesex County,25017,02478,42.34762397067977,-71.09521517642047,132002.26,589286.03,884375,P007
1426480f-ccc7-2393-40bd-f92ccf2b74b2,1961-12-18,,,,,Mr.,Ayaan,,Nair,,,M,white,nonhispanic,M,Attleboro  Massachusetts  US,654 Harris Viaduct Apt 56,Sudbury,Massachusetts,Middlesex County,,00000,42.38283767153984,-71.4690433785207,412854.29,314948.69,96281,P008
197ec76f-0730-2587-9ff9-a0f60104a782,2007-06-28,,,,,Ms.,Krishna,,Rao,,,,white,nonhispanic,F,Hanover  Massachusetts  US,439 Adams Route,Norton Center,Massachusetts,Bristol County,,00000,42.02075454972385,-71.149831353573,47722.45,0.00,48180,P009
1be83f06-48ef-7bac-7097-b9e0644aeaf8,1979-11-06,2026-05-03,,,,Mr.,Ishaan,,Iyer,,,D,white,nonhispanic,M,Taunton  Massachusetts  US,1006 Fadel Underpass,Leominster,Massachusetts,Worcester County,25027,01420,42.509982175526424,-71.73520860373362,197792.43,0.00,50544,P010
1d63466e-0cfd-eb12-77aa-d153393355e5,1954-10-05,,,,,Mr.,Rohan,,Reddy,,,M,white,nonhispanic,M,Boston  Massachusetts  US,826 Vandervort Fort Apt 52,Beverly,Massachusetts,Essex County,25009,01915,42.601084720571194,-70.9010737505354,309461.87,62997.75,93809,P011
1dabc422-e007-d5ee-791f-9e08a8fd9b6a,2018-05-07,,,,,,Kabir,,Singh,,,,black,nonhispanic,F,Chelmsford  Massachusetts  US,203 Spencer Terrace,Fall River,Massachusetts,Bristol County,25005,02723,41.753332029798266,-71.14521097372106,1891.78,42641.20,14640,P012
1e32a1a3-3638-cb8c-7253-ff98a97dc0fe,2012-08-12,,,,,,Dhruv,,Kumar,,,,white,hispanic,M,Boston  Massachusetts  US,904 Treutel Mill,Gardner,Massachusetts,Worcester County,25027,01440,42.5414783743513,-71.98875236291856,18525.86,17038.73,74737,P013
2211f478-b7b4-7711-16cf-84ffb52b9d2b,1984-10-08,2016-06-03,,,,Ms.,Arnav,,Bose,,,S,white,nonhispanic,F,Franklin  Massachusetts  US,741 Ritchie Mill Unit 51,Marlborough,Massachusetts,Middlesex County,25017,01752,42.35240134378961,-71.50969979018177,20104.52,1285292.19,11818,P014
239b0c86-371a-3080-fcd9-8379b296bc9a,1995-05-13,,,,,Mrs.,Yash,,Chatterjee,,,M,white,nonhispanic,F,Newton  Massachusetts  US,307 Kunze Junction Suite 15,Lynn,Massachusetts,Essex County,25009,01905,42.46683518232203,-70.93653316174695,12557.96,919925.00,9647,P015
23da8e71-dfb9-9773-1bc1-7b5e31d085b5,1963-03-16,,,,,Mr.,Aryan,,Desai,,,W,white,nonhispanic,M,Lynn  Massachusetts  US,623 Pfeffer Street Suite 66,Saugus,Massachusetts,Essex County,25009,01906,42.47354145666578,-70.99703047592395,149857.51,144530.56,146983,P016
2e9a9dab-f5b6-8960-d3ce-7834bb5e7344,1990-01-14,,,,,Mrs.,Shaurya,,Joshi,,,M,white,nonhispanic,F,Boston  Massachusetts  US,821 O'Reilly Corner Apt 74,Tyngsborough,Massachusetts,Middlesex County,,00000,42.663840077088345,-71.38119562880149,222548.40,376800.82,149604,P017
2fb99851-6f31-04a6-be96-6fef4663e208,1962-05-09,,,,,Mr.,Advik,,Kulkarni,,,S,white,nonhispanic,M,Methuen  Massachusetts  US,269 Roob Tunnel Unit 10,Newton,Massachusetts,Middlesex County,25017,02462,42.339431273725666,-71.21160722109734,244719.90,133921.54,407543,P018
30889246-5f7d-9305-542f-55cb89e1f4de,1960-03-25,1961-08-23,,,,,Rudra,,Malhotra,,,,white,nonhispanic,M,Springfield  Massachusetts  US,231 Schiller Esplanade Unit 87,New Bedford,Massachusetts,Bristol County,25005,02747,41.654522440653864,-70.90867017264478,10056.91,9469.45,43443,P019
3099d813-4f5c-fc43-31d8-7bba5dc84bed,2020-08-14,,,,,,Veer,,Pillai,,,,white,nonhispanic,M,Waltham  Massachusetts  US,176 Rohan Divide,Brockton,Massachusetts,Plymouth County,25023,02351,42.045240701430856,-71.02070836181281,10698.37,9129.62,81610,P020
30ed72f3-240e-4973-a0b8-25369e1a9c1e,2018-03-10,,,,,,Aanya,,Smith,,,,white,hispanic,M,Juarez  Chihuahua  MX,273 Rodriguez Haven,Southwick,Massachusetts,Hampden County,,00000,42.03420483326315,-72.80563635255314,30474.55,0.00,79757,P021
31f368d9-3fdc-a15f-ccdc-fafa74a860e9,1981-01-08,,,,,Mr.,Ananya,,Johnson,,,S,white,nonhispanic,M,Boston  Massachusetts  US,1094 Hegmann Crossroad,Canton,Massachusetts,Norfolk County,,00000,42.19874200768642,-71.09750665045937,16226.31,324144.32,20828,P022
3314e296-2326-2826-271d-a7be5b896db9,1990-05-27,,,,,Mrs.,Diya,,Williams,,,M,white,hispanic,F,Bourne  Massachusetts  US,991 Orn Dam Suite 51,Holden,Massachusetts,Worcester County,,00000,42.38762326967287,-71.86116736597332,231250.67,800431.40,128123,P023
3368f8e7-5e00-7794-1e39-f65cb954d43d,1967-10-07,,,,,Mrs.,Isha,,Brown,,,W,black,hispanic,F,Chicopee  Massachusetts  US,634 Braun Fort,Boston,Massachusetts,Suffolk County,25025,02129,42.28755899599328,-71.09802827040613,12734.61,316978.26,18966,P024
355a4d50-2628-aa65-c336-deacf4d606fb,1956-10-18,,,,,Mr.,Kiara,,Jones,,,S,black,nonhispanic,M,Milford  Massachusetts  US,319 Ondricka Flat Unit 33,Hanover,Massachusetts,Plymouth County,,00000,42.094360169623656,-70.87486271265,33830.79,462521.31,74777,P025
355cd402-8f45-353f-013f-ecb627e85106,1986-06-15,,,,,Mr.,Myra,,Miller,,,M,white,nonhispanic,M,Medford  Massachusetts  US,530 Goodwin Mission Suite 74,Marlborough,Massachusetts,Middlesex County,25017,01752,42.33987011971708,-71.56160275097676,90771.58,9749.13,66069,P026
35f80d0e-eaad-ef68-b762-3a1c12a872c1,1980-01-13,,,,,Mr.,Navya,,Davis,,,S,white,nonhispanic,M,Swampscott  Massachusetts  US,691 Morissette Frontage road,Easton,Massachusetts,Bristol County,,00000,42.08102951060804,-71.14752479240488,85253.53,4813.37,631750,P027
3732fde5-efc6-d57a-517b-0500f2177181,1960-03-25,,,,,Mr.,Pari,,Garcia,,,S,white,nonhispanic,M,Lee  Massachusetts  US,308 Friesen Ramp Suite 39,New Bedford,Massachusetts,Bristol County,25005,02743,41.56662152865334,-70.928627024505,176333.51,64422.13,43443,P028
37549f60-b5a3-69cd-dea6-5a71c4bc23cf,1981-05-25,,,,,Ms.,Riya,,Wilson,,,S,white,nonhispanic,F,Dover  Massachusetts  US,485 Heller Fork,Waltham,Massachusetts,Middlesex County,25017,02472,42.38699179783497,-71.29195588924944,1066398.56,277427.23,106307,P029
3935e8a9-9b9f-fd00-fe22-bcb810d0330b,1968-09-24,,,,,Ms.,Saanvi,,Anderson,,,S,white,nonhispanic,F,Pittsfield  Massachusetts  US,1057 Barrows Ferry,Belchertown,Massachusetts,Hampshire County,25015,01007,42.23838498506516,-72.44450820896064,16651.38,916015.57,16793,P030
3a9c6df2-621a-6239-0760-e58544d252f6,2023-04-26,,,,,,Sara,,Taylor,,,,asian,nonhispanic,M,Braintree  Massachusetts  US,1063 Hirthe Esplanade Unit 97,Boston,Massachusetts,Suffolk County,25025,02125,42.281546833472554,-71.0364918060064,14835.82,5679.72,40431,P031
3c0e60c4-176e-2c4c-3b85-b46be390cf5e,1964-11-05,,,,,Mrs.,Siya,,Thomas,,,M,white,nonhispanic,F,Sudbury  Massachusetts  US,1011 Paucek Trafficway Suite 37,Wellesley,Massachusetts,Norfolk County,25021,02481,42.345001408600936,-71.31018170261704,358672.85,395190.43,133306,P032
3eec36b2-71cc-13c4-489a-495c45318bc3,1994-12-29,,,,,Mrs.,Tara,,Moore,,,M,white,nonhispanic,F,Plymouth  Massachusetts  US,711 Hyatt Glen,Leicester,Massachusetts,Worcester County,,00000,42.24962680735865,-71.94022864208303,193339.50,559768.98,146258,P033
3fa46c70-b194-f14c-3d51-e06cfa4bb9e2,1995-03-04,,,,,Mr.,Zara,,Martin,,,M,white,nonhispanic,M,West Yarmouth  Massachusetts  US,733 Spencer Track Apt 43,Edgartown,Massachusetts,Dukes County,,00000,41.325350772321634,-70.47477524378297,75125.80,16802.70,196301,P034
45f3a7b6-d706-f174-d043-16814aa127ed,2019-02-24,,,,,,Anika,,Jackson,,,,white,nonhispanic,M,Pittsfield  Massachusetts  US,737 VonRueden Fort,Lowell,Massachusetts,Middlesex County,25017,01850,42.63456360337423,-71.253340456327,10843.47,12646.54,88769,P035
46fcc34a-97a1-f038-9bb1-4ae87116ae61,1985-06-12,,,,,Mrs.,Avni,,White,,,D,white,hispanic,F,Roseau  Saint George  DM,1046 Tillman View Apt 28,Northbridge,Massachusetts,Worcester County,,00000,42.08204515208605,-71.69629565236723,246581.90,1231675.85,29792,P036
4af53267-820e-7687-87a4-f6716ef64a2e,2015-01-05,,,,,,Ira,,Harris,,,,white,hispanic,F,Methuen  Massachusetts  US,656 West Light,Fall River,Massachusetts,Bristol County,25005,02720,41.6770272415951,-71.19417615076065,34860.16,7348.13,68932,P037
4be6b5fb-2a19-943a-9249-7068445be4cc,1971-02-16,,,,,Mr.,Kavya,,Clark,,,D,white,nonhispanic,M,Amherst  Massachusetts  US,420 Cassin Lock,Needham,Massachusetts,Norfolk County,25021,02492,42.31947448229811,-71.21166890222636,152500.94,63151.72,50081,P038
4e71643c-f046-a74f-c2e2-4049efe17cd4,2008-11-28,,,,,,Meera,,Lewis,,,,white,nonhispanic,F,Chicopee  Massachusetts  US,1072 Rutherford Tunnel Apt 12,Boston,Massachusetts,Suffolk County,25025,02111,42.36554882955164,-71.0563595317706,49874.70,0.00,70623,P039
5693c080-f485-91e7-54b9-ad9a8c12af62,1973-03-25,,,,,Mr.,Neha,,Walker,,,M,black,nonhispanic,M,Boston  Massachusetts  US,628 Emard Walk Suite 0,Andover,Massachusetts,Essex County,25009,01810,42.6696266710046,-71.12336177093403,212085.46,218037.69,120467,P040
5780b82b-0419-ffe6-fde4-a2fcce9695f5,2019-10-03,,,,,,Liam,,Hall,,,,asian,nonhispanic,F,Somerville  Massachusetts  US,568 Treutel Arcade,Stoughton,Massachusetts,Norfolk County,,00000,42.11542336634066,-71.09599721184716,22686.88,654.80,194118,P041
57efda89-b582-bb08-8a2d-e06b2c184bfc,1975-10-22,,,,,Mr.,Noah,,Allen,,,M,white,nonhispanic,M,Cochituate  Massachusetts  US,955 Schulist Landing Apt 5,Lynn,Massachusetts,Essex County,25009,01940,42.515687529906614,-70.88895463608272,767951.91,506201.65,41102,P042
5dae1e9e-46fb-5537-54f4-8837a56dd3d5,1994-05-08,,,,,Mr.,Oliver,,Young,,,M,white,nonhispanic,M,Hanover  Massachusetts  US,1067 Adams Stravenue,Middleborough Center,Massachusetts,Plymouth County,,00000,41.94417664031165,-70.89457351416742,78185.07,10349.91,142164,P043
6095681c-dfc1-8f20-411c-42cef37189fa,2000-09-17,,,,,Mr.,Elijah,,King,,,,white,nonhispanic,M,Peabody  Massachusetts  US,765 Ankunding Bridge,Concord,Massachusetts,Middlesex County,,00000,42.47410452950831,-71.40563875725073,51257.84,40143.28,76806,P044
65cbad6a-eb9d-420e-9bab-b4f9c6aab7db,1948-06-15,,,,,Mrs.,James,,Wright,,,M,white,nonhispanic,F,Boston  Massachusetts  US,493 Schamberger Tunnel,Quincy,Massachusetts,Norfolk County,25021,02170,42.20474775370959,-70.98834099311476,796732.91,219824.56,64779,P045
6a703775-432b-ba7d-d53a-c4d7bb0f5b58,1995-01-23,,,,,Mr.,William,,Scott,,,M,black,nonhispanic,M,Cambridge  Massachusetts  US,484 Dickens Route Suite 49,Boston,Massachusetts,Suffolk County,25025,02116,42.35964352967662,-71.07994841396187,5450.00,97459.94,6565,P046
6b687f11-0721-ccaf-8796-5e929f37b755,1980-10-04,1998-10-08,,,,Mr.,Benjamin,,Green,,,,asian,nonhispanic,M,Macau  Macao Special Administrative Region of the People's Republic of China  CN,870 Doyle Ranch,Reading,Massachusetts,Middlesex County,25017,01801,42.56980230491698,-71.10678802093923,71824.46,3981.39,123942,P047
6c4283c9-228b-2774-7d25-fbb5a14bdc1b,1985-11-30,,,,,Mr.,Lucas,,Baker,,,M,asian,nonhispanic,M,Incheon  Incheon  KR,651 Brown Rue Suite 81,Framingham,Massachusetts,Middlesex County,25017,01701,42.28206535633905,-71.45620021419369,6498.56,80823.60,2499,P048
6d04a400-ad21-5951-b092-c14b6358d4c5,2010-10-18,,,,,,Henry,,Adams,,,,white,nonhispanic,F,West Dennis  Massachusetts  US,571 Schoen Port,Chicopee,Massachusetts,Hampden County,25013,01022,42.20376348631249,-72.58657956040665,39101.10,119395.17,46121,P049
7132442e-b0b9-a886-e28d-f83700e5a3bd,1988-12-25,,,,,Mrs.,Owen,,Nelson,,,M,white,nonhispanic,F,Deerfield  Massachusetts  US,162 Grant Ramp Apt 92,Newburyport,Massachusetts,Essex County,25009,01951,42.76976780450015,-70.83716228609752,175041.54,389275.36,728493,P050
716c6d0a-2a5d-0aaa-9ced-312ed6a943da,1964-06-23,2015-02-10,,,,Mr.,Emma,,Hill,,,M,black,nonhispanic,M,Taunton  Massachusetts  US,1097 Macejkovic Heights,Boston,Massachusetts,Suffolk County,25025,02110,42.38548810814354,-71.06572309951181,119934.15,71248.59,47024,P051
72b1ca95-c4f0-269d-28bf-ba36b25a9aa6,1995-01-30,,,,,Ms.,Olivia,,Campbell,,,S,white,nonhispanic,F,Dover  Massachusetts  US,391 Gutkowski Promenade Unit 2,Watertown,Massachusetts,Middlesex County,25017,02472,42.41905321802814,-71.22271221009481,8199.73,340850.37,9657,P052
765bd034-e8d7-f102-eb1c-4b7792fc5684,2017-03-25,,,,,,Ava,,Mitchell,,,,white,nonhispanic,M,Southwick  Massachusetts  US,324 Turcotte Mews,Holyoke,Massachusetts,Hampden County,25013,01040,42.17303311924214,-72.6784665011842,23281.59,1639.64,60009,P053
7af6b271-f16d-21e1-882a-7bff71005a7b,1960-11-08,,,,,Mr.,Sophia,,Carter,,,S,white,nonhispanic,M,Littleton  Massachusetts  US,198 Bauch Flat Apt 27,Barnstable,Massachusetts,Barnstable County,25001,02668,41.639415284574255,-70.46439165267942,17491.43,523871.40,6976,P054
82623afe-e51c-e02e-1dd7-15a4394d0e92,1999-11-07,,,,,Ms.,Isabella,,Roberts,,,,black,nonhispanic,F,Lawrence  Massachusetts  US,299 Heathcote Wynd Unit 53,Acton,Massachusetts,Middlesex County,,00000,42.43510345042966,-71.4333744206906,15890.71,1002306.68,1604,P055
83093df7-a1e4-b827-72e6-c6d604fd7748,2009-12-14,,,,,,Mia,,Gomez,,,,black,nonhispanic,M,Foxborough  Massachusetts  US,846 Green Estate Unit 47,North Andover,Massachusetts,Essex County,,00000,42.63576945088835,-71.05036775820942,3373.28,57030.35,25900,P056
8704c44c-8b97-e35a-3bac-7d5b24de06b3,1989-01-18,,,,,Mrs.,Charlotte,,Flores,,,M,white,hispanic,F,Newton  Massachusetts  US,117 Hartmann Wynd Unit 98,Oak Bluffs,Massachusetts,Dukes County,,00000,41.47877902182559,-70.585779013433,210301.61,618117.55,109885,P057
87f7ad7b-85f9-d26d-5a41-9933f4039331,1969-04-25,,,,,Mrs.,Amelia,,Morales,,,M,white,nonhispanic,F,New Bedford  Massachusetts  US,551 Rau Hollow,Newton,Massachusetts,Middlesex County,25017,02461,42.33014570127114,-71.21087919471499,15740.55,952867.30,1636,P058
887e4b4e-a3e1-b573-4a16-38386d3e0b88,2004-12-28,,,,,Mr.,Harper,,Ortiz,,,,asian,nonhispanic,M,Southbridge  Massachusetts  US,496 Bechtelar Frontage road Apt 86,Canton,Massachusetts,Norfolk County,,00000,42.181839927897904,-71.17448538658093,7783.76,628258.97,17074,P059
8b9df7af-24b3-66ee-afeb-2734ebcbd33c,2001-02-11,,,,,Ms.,Evelyn,,Reyes,,,,white,nonhispanic,F,Ashburnham  Massachusetts  US,305 Weimann Underpass,Bedford,Massachusetts,Middlesex County,25017,01730,42.53982148224416,-71.25684108750724,98009.84,531508.43,33657,P060
8c5b83b2-737e-46cf-953b-414e07ed78e7,1973-11-12,,,,,Mr.,Mateo,,Cruz,,,S,white,nonhispanic,M,Boston  Massachusetts  US,112 Wuckert Course Suite 5,Saugus,Massachusetts,Essex County,25009,01906,42.5123672749424,-71.03042226328553,94421.68,17747.64,74223,P061
8d91c36a-1f7e-3842-9f14-8d567ed9cdcd,1980-10-04,2015-09-24,,,,Mr.,Santiago,,Romero,,,M,asian,nonhispanic,M,Shanghai  Shanghai Municipality  CN,346 Watsica Ranch Apt 49,Reading,Massachusetts,Middlesex County,25017,01801,42.570383386808196,-71.10922503998552,112830.51,88507.13,123942,P062
8ece28c6-f931-b0e0-5c0e-72b8d8d3c86a,1942-04-04,,,,,Mr.,Sebastian,,Chavez,,,M,white,nonhispanic,M,Barnstable  Massachusetts  US,154 Weimann Orchard,Mattapoisett,Massachusetts,Plymouth County,,00000,41.64380025793386,-70.85225370063651,15478.46,358533.21,20233,P063
9389eec9-a5c3-a9e1-b675-93cd1f199532,2001-05-20,,,,,Ms.,Leonardo,,Ramirez,,,,white,nonhispanic,F,Mattapoisett  Massachusetts  US,770 Ebert Road,Woburn,Massachusetts,Middlesex County,25017,01890,42.44847160043941,-71.1275879956424,115968.30,236225.23,85892,P064
96de62ae-1b00-58d8-77f9-cd25414e16be,1998-07-22,,,,,Ms.,Diego,,Torres,,,S,asian,hispanic,F,Monument Beach  Massachusetts  US,273 Turcotte Byway,Cambridge,Massachusetts,Middlesex County,25017,02139,42.40007763554238,-71.10067567941492,199557.15,1186861.45,74140,P065
97e39468-6488-ca8f-fac2-235a80b4dcf7,1984-12-14,,,,,Mr.,Mariana,,Rivera,,,M,white,hispanic,M,Santiago de los Caballeros  Santiago  DO,591 Walsh Lock Apt 54,Mansfield,Massachusetts,Bristol County,,00000,42.03943773735094,-71.18452939302566,351296.18,346477.44,67906,P066
9a3814bb-f5b0-05f3-928e-fe6640d5aa2a,2015-07-19,,,,,,Valentina,,Diaz,,,,white,nonhispanic,F,Stoughton  Massachusetts  US,666 Ebert Lodge,Taunton,Massachusetts,Bristol County,25005,02718,41.90270672855111,-70.97629986391284,44050.63,17747.77,34422,P067
9c26986a-d81d-62f0-ee7a-ab8bb6377434,1998-02-11,,,,,Mrs.,Camila,,Fernandez,,,M,white,nonhispanic,F,Lynn  Massachusetts  US,158 Cormier Overpass,Stow,Massachusetts,Middlesex County,,00000,42.45364476001298,-71.51311928745638,82310.31,104204.79,320521,P068
9c5b16dc-8a47-896c-4d74-f96f8c98891b,1980-01-13,,,,,Mr.,Lucia,,Silva,,,M,white,nonhispanic,M,Onset  Massachusetts  US,1036 Crist Road,Springfield,Massachusetts,Hampden County,25013,01105,42.1548542944603,-72.55655291232694,110458.16,69276.29,62019,P069
a406f356-c8b4-54ad-e79c-54a5e15ffc19,1991-12-06,,,,,Mr.,Elena,,Costa,,,S,white,nonhispanic,M,Swansea  Massachusetts  US,799 Ledner Landing,Webster,Massachusetts,Worcester County,25027,01570,42.05894935616747,-71.85694069207996,51495.95,679596.81,126188,P070
a45aa142-d1e9-d944-f2c7-05015c90762d,1963-09-25,,,,,Mr.,Yusuf,,Khan,,,D,white,nonhispanic,M,East Bridgewater  Massachusetts  US,307 Sauer Wynd Unit 22,Maynard,Massachusetts,Middlesex County,25017,01754,42.438297683916794,-71.48890988336191,152288.40,90914.36,103697,P071
a5816bea-ad10-431f-1281-47baa2cf249b,2009-03-08,,,,,,Omar,,Ahmed,,,,white,nonhispanic,F,Lynn  Massachusetts  US,172 Morissette Plaza Unit 35,Winchester,Massachusetts,Middlesex County,25017,01890,42.481335252208545,-71.16625601451811,12190.61,651393.84,77838,P072
a6d0791e-4c15-58e6-c30a-ec25e285ace9,2024-01-02,,,,,,Hamza,,Hussain,,,,white,nonhispanic,M,Quincy  Massachusetts  US,332 Schultz Extension Suite 26,Southwick,Massachusetts,Hampden County,,00000,42.09910680937027,-72.81916282548579,14506.10,0.00,55591,P073
ad48e669-959c-b6f8-8ddb-dda7a6d37473,2001-11-10,,,,,Ms.,Zainab,,Ali,,,,asian,nonhispanic,F,Fall River  Massachusetts  US,812 VonRueden Trail,Boston,Massachusetts,Suffolk County,25025,02126,42.32993238935693,-71.11335785376184,6493.33,297865.66,933,P074
adec1419-cf81-6640-abe6-cac7c0c1b9d4,1964-02-22,,,,,Mr.,Amara,,Malik,,,M,white,nonhispanic,M,Cambridge  Massachusetts  US,522 O'Conner Harbor Suite 71,Norton,Massachusetts,Bristol County,,00000,41.956242990019646,-71.1370880090204,167464.26,56693.75,137307,P075
afb99eee-0bd5-8853-8a32-fad74da7b103,1998-10-09,,,,,Mr.,Layla,,Farooq,,,,white,nonhispanic,M,Marseille  Provence-Alpes-Cote d'Azur  FR,382 Torp Frontage road,Mendon,Massachusetts,Worcester County,,00000,42.061727274532714,-71.57932244942435,73488.88,10115.13,113444,P076
b50c66af-4d1c-7987-03d7-e5b65fdf880f,1981-07-29,,,,,Mr.,Fatima,,Siddiqui,,,S,white,nonhispanic,M,Bridgewater  Massachusetts  US,114 Parker Junction Suite 23,Hull,Massachusetts,Plymouth County,25023,02045,42.29244889645495,-70.90953922977364,74166.25,102907.12,625136,P077
ba47a33b-ffb6-25b9-e8bf-e7eabeaee1be,2000-02-14,,,,,Mr.,Noor,,Rashid,,,,white,nonhispanic,M,Danvers  Massachusetts  US,666 Bosco View,Arlington,Massachusetts,Middlesex County,25017,02474,42.409485065101485,-71.1721839365844,73138.39,3978.59,77627,P078
babc4b97-d859-0fe4-2874-fb6fe493ae6b,2023-03-25,,,,,,Sana,,Haider,,,,black,nonhispanic,F,Auburn  Massachusetts  US,763 Kihn Arcade Apt 9,Springfield,Massachusetts,Hampden County,25013,01013,42.1057007154797,-72.53127694865637,650.00,10607.92,15838,P079
bca1691f-8839-1d66-ed01-471134d55738,1944-10-11,,,,,Mr.,Imran,,Qureshi,,,D,white,nonhispanic,M,Ashland  Massachusetts  US,566 Hartmann Parade,Boston,Massachusetts,Suffolk County,25025,02114,42.37098107981268,-71.11084517894488,355471.48,787323.10,105055,P080
bd4e49cb-391b-d08a-c7ab-b585e7bd5758,1984-12-02,,,,,Mr.,Wei,,Tanaka,,,M,white,nonhispanic,M,Boston  Massachusetts  US,568 Olson Drive Suite 26,Everett,Massachusetts,Middlesex County,25017,02149,42.43039406973475,-71.00753322405154,84571.67,10779.84,188914,P081
c1453af6-5763-f853-7da2-a16adee55469,2014-01-05,,,,,,Ming,,Suzuki,,,,white,nonhispanic,F,Attleboro  Massachusetts  US,697 Rau Union,Stoughton,Massachusetts,Norfolk County,,00000,42.142812989171,-71.09743800178012,33205.26,8625.00,38305,P082
c38b96b6-90ae-fabe-6f3c-cfd91d0fb21d,2017-11-05,,,,,,Jun,,Sato,,,,white,nonhispanic,F,Lynn  Massachusetts  US,781 Fisher Wynd Suite 41,Sudbury,Massachusetts,Middlesex County,,00000,42.38103436079019,-71.38871942501954,27239.80,1826.48,154411,P083
c823813e-2588-4814-6eb4-824974791862,1980-09-21,,,,,Ms.,Hiroshi,,Watanabe,,,S,white,nonhispanic,F,Methuen  Massachusetts  US,495 Stoltenberg Approach,Marshfield,Massachusetts,Plymouth County,25023,02050,42.134720688555284,-70.67362258505693,698809.39,74789.33,45471,P084
ca443842-f546-d34c-a69b-b044cfe007d9,1985-11-30,,,,,Mrs.,Kenji,,Ito,,,M,white,nonhispanic,F,North Attleborough  Massachusetts  US,410 Olson Glen Suite 72,Quincy,Massachusetts,Norfolk County,25021,02186,42.214215395781366,-71.01693595083985,222773.48,322200.98,70798,P085
cbd1dd48-89c3-3fdb-434e-3f0802738abf,1989-04-11,,,,,Mrs.,Yuki,,Yamamoto,,,D,white,nonhispanic,F,Worcester  Massachusetts  US,177 Stroman Spur Suite 99,Cambridge,Massachusetts,Middlesex County,25017,02141,42.40601787137357,-71.11342115111512,180750.08,618870.13,33609,P086
cc3eac4a-34a7-9a15-1522-8087135631b7,1978-01-16,,,,,Mr.,Haruto,,Nakamura,MD,,D,white,nonhispanic,M,Salem  Massachusetts  US,733 Boehm Ville,North Brookfield,Massachusetts,Worcester County,25027,01535,42.26748046561218,-72.1052424299027,104532.20,18048.65,42283,P087
ccaa0537-4e7f-99d8-8b79-c7c94c749579,2004-10-12,,,,,Ms.,Sakura,,Kobayashi,,,,white,hispanic,F,Guatemala City  Guatemala  GT,221 Huels Mews Suite 30,Marblehead,Massachusetts,Essex County,25009,01945,42.53114276322011,-70.8317328221771,82459.71,787335.78,212904,P088
d21f2794-014b-c66b-3688-888382ab7434,1979-12-23,,,,,Mrs.,Aiko,,Kato,,,M,white,nonhispanic,F,St Petersburg  St Petersburg  RU,616 Satterfield Key,Weymouth,Massachusetts,Norfolk County,25021,02191,42.194924073210714,-70.87906301372094,54836.18,241136.98,24132,P089
d21fc5fa-6dc5-8058-1d11-5fd631086b72,2006-07-02,,,,,Mr.,Mei,,Yoshida,,,,black,nonhispanic,M,Dedham  Massachusetts  US,913 VonRueden Route Apt 3,Williamstown,Massachusetts,Berkshire County,25003,01267,42.64052932044264,-73.27794180095523,59324.79,15104.37,188652,P090
d309f605-948b-962f-ca72-878ce8b8d154,1961-07-02,,,,,Ms.,Daniel,,Murphy,,,S,white,nonhispanic,F,Boston  Massachusetts  US,125 Hilpert Meadow Suite 82,Watertown,Massachusetts,Middlesex County,25017,02472,42.32464785517316,-71.17531533149013,1048238.37,89889.02,79033,P091
d537941e-1fb7-9868-939a-a26252da8be1,1990-07-22,,,,,Mrs.,Matthew,,Cooper,,,M,white,nonhispanic,F,Upton  Massachusetts  US,481 Jerde Street Suite 0,Lenox,Massachusetts,Berkshire County,25003,01240,42.35147657403465,-73.31583225904137,10291.46,743224.22,11593,P092
dc77ef0d-1846-94fd-cce5-a7a555009d17,2011-10-16,,,,,,Andrew,,Richardson,,,,white,nonhispanic,F,Sunderland  Massachusetts  US,386 Berge Avenue Suite 20,Lowell,Massachusetts,Middlesex County,25017,01852,42.620370842434454,-71.30922815768335,38373.99,3765.18,181092,P093
e142981b-3577-4115-584d-d9676df7fcff,1980-10-04,,,,,Mr.,Joseph,,Cox,,,M,asian,nonhispanic,M,Hong Kong  Hong Kong Special Administrative Region  CN,102 Littel Fort,Reading,Massachusetts,Middlesex County,25017,01801,42.56707177936743,-71.08750948325564,138390.68,36616.10,123942,P094
e170fdcd-8830-89c4-94b2-aaf7f35ca9c5,1990-12-17,,,,,Mrs.,David,,Ward,,,D,white,nonhispanic,F,Boston  Massachusetts  US,950 Hahn Highlands Unit 20,Tewksbury,Massachusetts,Middlesex County,,00000,42.648224645299806,-71.20485523890909,105355.41,281025.17,27740,P095
e34a6a5e-1d77-508d-8be3-8816e9df8046,2004-07-02,,,,,Ms.,Grace,,Bennett,,,,white,nonhispanic,F,North Westport  Massachusetts  US,567 Braun Pathway Apt 24,Taunton,Massachusetts,Bristol County,25005,02767,41.90661070824047,-71.03557192071698,87531.48,51708.23,120419,P096
e503e9b3-d149-653b-92df-ca4a8cb68e16,1984-10-08,,,,,Ms.,Chloe,,Gray,,,S,white,nonhispanic,F,East Bridgewater  Massachusetts  US,270 Kuhlman Highlands Unit 88,Marlborough,Massachusetts,Middlesex County,25017,01752,42.379306016058386,-71.51753907840786,15039.54,678516.65,11818,P097
e7c068bb-6d29-27d3-0b8b-ec0406cc91b7,1993-11-17,,,,,Ms.,Victoria,,James,,,S,white,nonhispanic,F,Woburn  Massachusetts  US,952 Hermiston Trail,Boston,Massachusetts,Suffolk County,25025,02124,42.30226867929732,-71.07096340420895,8105.86,129817.91,12947,P098
edb5a2e3-a981-d33c-5eac-1ca8adde82d3,2006-10-01,,,,,Ms.,Natalie,,Foster,,,,white,nonhispanic,F,Boston  Massachusetts  US,974 Ziemann Approach Apt 34,Webster,Massachusetts,Worcester County,25027,01570,42.035571426254585,-71.87305821653763,7700.00,91238.31,22590,P099
ee4b7339-ca58-b6af-c199-04b6d5761c73,2026-05-27,,,,,,Lily,,Simmons,,,,white,nonhispanic,M,Palmer  Massachusetts  US,330 Jakubowski Rest,Granby,Massachusetts,Hampshire County,25015,01033,42.26849247943158,-72.49151681832407,620.18,0.00,131616,P100
